INSERT INTO genres (id, name) VALUES (1, 'Rock'), (2, 'Pop'), (3, 'Jazz'), (4, 'Classical'), (5, 'Hip Hop'), (6, 'Electronic'), (7, 'Country'), (8, 'Blues'), (9, 'Reggae'), (10, 'Metal');
INSERT INTO authors (id, name) VALUES (1, 'Freddie Mercury'), (2, 'Ed Sheeran'), (3, 'Dave Brubeck'), (4, 'Ludwig van Beethoven'), (5, 'Eminem'), (6, 'Eric Prydz'), (7, 'John Denver'), (8, 'B.B. King'), (9, 'Bob Marley'), (10, 'Metallica');
INSERT INTO songs (id, title, cover, genre_id) VALUES (1,'Bohemian Rhapsody', 'https://placehold.co/300x300/F4D03F/000000?text=Cover+1', 1), (2, 'Shape of You', 'https://placehold.co/300x300/AED6F1/000000?text=Cover+2', 2), (3, 'Take Five', 'https://placehold.co/300x300/A9DFBF/000000?text=Cover+3', 2), (4, 'Für Elise', 'https://placehold.co/300x300/D7BDE2/000000?text=Cover+4', 4), (5, 'Lose Yourself', 'https://placehold.co/300x300/E59866/000000?text=Cover+5', 5), (6, 'Strobe', 'https://placehold.co/300x300/FADBD8/000000?text=Cover+6', 6), (7, 'Take Me Home, Country Roads', 'https://placehold.co/300x300/A3E4D7/000000?text=Cover+7', 7), (8, 'The Thrill Is Gone', 'https://placehold.co/300x300/D6EAF8/000000?text=Cover+8', 8), (9, 'Three Little Birds', 'https://placehold.co/300x300/FCF3CF/000000?text=Cover+9', 9), (10, 'Master of Puppets', 'https://placehold.co/300x300/EBDEF0/000000?text=Cover+10', 10), (11, 'Somebody to Love', 'https://placehold.co/300x300/FFE082/000000?text=Cover+11', 1), (12, 'We Are The Champions', 'https://placehold.co/300x300/FFD54F/000000?text=Cover+12', 1), (13, 'Photograph', 'https://placehold.co/300x300/AED6F1/000000?text=Cover+13', 2), (14, 'Thinking Out Loud', 'https://placehold.co/300x300/85C1E9/000000?text=Cover+14', 2), (15, 'Blue Rondo a la Turk', 'https://placehold.co/300x300/A9DFBF/000000?text=Cover+15', 3), (16, 'Für Elise (Remix)', 'https://placehold.co/300x300/D7BDE2/000000?text=Cover+16', 4);
INSERT INTO songs_authors (song_id, author_id) VALUES (1,1), (2,2), (3,3), (4,4), (5,5), (6,6), (7,7), (8,8), (9,9), (10,10), (11,1), (12,1), (13,2), (14,2), (15,3), (16,4);

